timestamp,open,high,low,close,volume
1764178260000,88709.59,88822.0,88655.51,88705.85,36.90906
1764178320000,88705.86,88719.11,88588.79,88700.06,31.02734
1764178380000,88700.05,88900.0,88696.04,88855.55,44.45361
1764178440000,88855.56,89019.96,88855.56,88988.01,126.85007
1764178500000,88988.01,89100.0,88979.99,89058.13,63.52789
1764178560000,89058.13,89100.0,88979.03,89085.99,56.56498
1764178620000,89086.0,89196.92,89021.55,89103.19,37.66888
1764178680000,89103.19,89134.89,89040.0,89090.0,33.93511
1764178740000,89088.13,89106.0,89039.65,89084.63,26.33766
1764178800000,89084.63,89150.0,89080.0,89109.16,19.95337
1764178860000,89109.17,89188.18,89109.17,89187.97,31.56706
1764178920000,89187.97,89426.56,89187.97,89415.45,107.32585
1764178980000,89415.45,89415.45,89268.0,89337.55,39.79916
1764179040000,89337.55,89513.0,89337.54,89512.99,47.90231
1764179100000,89512.99,89600.0,89492.81,89563.15,99.97107
1764179160000,89563.14,89666.66,89536.0,89666.65,46.85648
1764179220000,89666.65,89814.0,89655.99,89812.18,73.31429
1764179280000,89812.19,89889.0,89740.81,89876.01,87.96127
1764179340000,89876.01,89888.0,89758.36,89774.01,53.71642
1764179400000,89774.0,89774.0,89653.41,89687.97,78.87123
1764179460000,89687.97,89745.13,89675.28,89731.2,46.67433
1764179520000,89731.21,89776.69,89681.14,89696.86,39.65652
1764179580000,89696.86,89707.36,89515.62,89580.27,40.5382
1764179640000,89580.26,89707.94,89580.26,89665.93,34.80124
1764179700000,89665.92,89750.0,89620.76,89727.8,25.53383
1764179760000,89727.8,89860.0,89666.95,89831.93,36.33626
1764179820000,89831.93,89888.0,89831.93,89887.99,21.59941
1764179880000,89887.99,89962.9,89870.88,89950.7,66.19009
1764179940000,89950.7,89950.7,89818.95,89830.79,81.51659
1764180000000,89830.8,89963.57,89830.8,89927.23,47.83108
1764180060000,89927.24,89950.0,89839.83,89943.13,32.02083
1764180120000,89943.14,89967.79,89861.26,89908.56,25.46087
1764180180000,89908.56,89999.0,89866.14,89886.44,58.25736
1764180240000,89886.44,89904.0,89774.66,89789.99,55.7732
1764180300000,89789.99,89952.01,89789.99,89921.4,35.72819
1764180360000,89921.39,89972.01,89882.0,89966.48,21.61662
1764180420000,89966.48,90031.41,89954.58,90008.01,134.90908
1764180480000,90008.01,90111.71,90008.0,90085.69,78.23444
1764180540000,90085.68,90089.27,89676.0,89779.35,140.47445
1764180600000,89779.34,89948.0,89744.86,89947.99,39.56839
1764180660000,89948.0,90030.0,89948.0,89984.1,30.148
1764180720000,89984.1,90050.0,89978.89,90039.98,32.97108
1764180780000,90039.99,90050.0,89976.86,90027.68,24.57689
1764180840000,90027.69,90073.97,90027.69,90050.57,16.61952
1764180900000,90050.56,90255.83,90050.56,90231.02,98.65925
1764180960000,90231.02,90318.73,90192.24,90318.73,34.84591
1764181020000,90318.74,90354.0,90258.6,90322.42,48.32196
1764181080000,90322.42,90322.43,90242.75,90246.55,27.19143
1764181140000,90246.55,90279.52,90166.31,90242.0,39.62842
1764181200000,90242.0,90242.0,90070.82,90115.2,40.32804
1764181260000,90115.2,90171.54,90115.2,90157.34,13.40691
1764181320000,90157.33,90259.76,90157.33,90259.75,17.91277
1764181380000,90259.75,90270.0,90104.86,90106.02,27.37136
1764181440000,90106.02,90245.98,90101.0,90223.27,19.9961
1764181500000,90223.27,90248.97,90182.69,90246.8,23.45244
1764181560000,90246.81,90360.0,90246.8,90321.98,44.01468
1764181620000,90321.98,90418.39,90321.98,90410.03,38.45112
1764181680000,90410.03,90410.03,90280.98,90299.52,35.47745
1764181740000,90299.51,90349.26,90277.76,90349.26,21.43054
1764181800000,90349.26,90369.71,90285.68,90313.47,39.16788
1764181860000,90313.47,90313.47,90240.56,90262.2,13.5463
1764181920000,90262.2,90263.94,90060.0,90060.01,58.18898
1764181980000,90060.0,90081.02,90009.71,90043.04,58.8575
1764182040000,90043.03,90043.03,89927.12,89949.02,38.65098
1764182100000,89949.01,90009.03,89949.01,89999.99,27.07207
1764182160000,90000.0,90039.27,89980.0,89980.01,30.86975
1764182220000,89980.01,89986.06,89826.29,89833.14,29.15804
1764182280000,89833.14,89842.48,89788.78,89828.38,32.77489
1764182340000,89828.38,89845.0,89789.65,89837.01,23.68235
1764182400000,89837.01,90011.23,89829.54,90011.17,61.84864
1764182460000,90011.16,90022.43,89942.62,90000.28,36.20476
1764182520000,90000.28,90031.03,89959.59,89959.6,20.89853
1764182580000,89959.59,89959.6,89830.82,89830.83,103.76688
1764182640000,89830.82,89830.83,89709.68,89729.98,25.44378
1764182700000,89729.69,89802.4,89719.63,89768.49,19.57279
1764182760000,89768.48,89891.99,89765.59,89881.99,30.95064
1764182820000,89882.0,89910.01,89860.38,89894.78,23.27676
1764182880000,89894.78,90022.0,89894.78,90022.0,15.92643
1764182940000,90022.42,90045.02,90003.9,90040.7,15.58306
1764183000000,90040.71,90069.5,90002.37,90065.37,10.89531
1764183060000,90065.36,90089.99,90055.06,90085.45,7.67085
1764183120000,90085.45,90085.75,90015.65,90038.31,13.49283
1764183180000,90038.31,90057.99,89974.57,90051.79,9.41688
1764183240000,90051.78,90072.99,90014.99,90035.07,5.69865
1764183300000,90035.06,90040.54,90023.36,90025.86,6.90905
1764183360000,90025.86,90059.99,89978.32,90059.99,8.73648
1764183420000,90059.99,90125.58,90054.32,90125.57,21.59599
1764183480000,90125.57,90168.96,90113.99,90146.93,18.54904
1764183540000,90146.93,90159.65,90128.18,90145.69,15.10626
1764183600000,90145.69,90145.69,90093.41,90103.73,21.03185
1764183660000,90103.73,90197.83,90103.73,90157.3,15.85819
1764183720000,90157.31,90197.7,90131.25,90154.99,15.00985
1764183780000,90154.99,90173.5,90057.01,90077.6,15.64598
1764183840000,90077.6,90098.82,89935.13,89935.14,13.54546
1764183900000,89935.13,89973.99,89926.1,89964.8,15.08469
1764183960000,89964.81,89972.0,89936.52,89952.03,12.26664
1764184020000,89952.02,89998.18,89946.0,89969.06,7.34686
1764184080000,89969.06,89981.5,89890.99,89892.05,13.65125
1764184140000,89892.05,89965.93,89875.06,89965.92,15.39755
1764184200000,89965.93,90057.89,89965.92,90051.98,8.60759
1764184260000,90051.98,90051.98,89920.03,89952.19,79.25062
1764184320000,89952.19,89968.7,89778.96,89781.13,171.60297
1764184380000,89781.13,89821.15,89745.32,89796.47,31.49271
1764184440000,89796.47,89876.47,89783.97,89822.0,106.02225
1764184500000,89822.0,89899.94,89822.0,89899.94,19.9693
1764184560000,89899.94,89899.94,89744.55,89831.47,36.93797
1764184620000,89831.48,89914.0,89822.23,89894.67,31.8633
1764184680000,89894.66,89962.4,89865.15,89962.4,26.0275
1764184740000,89962.4,89997.85,89943.93,89975.9,16.68877
1764184800000,89975.9,89999.99,89954.39,89984.27,28.48235
1764184860000,89984.26,89993.8,89950.6,89970.7,14.39812
1764184920000,89970.71,90017.96,89965.7,89988.27,28.9495
1764184980000,89988.28,90000.0,89782.71,89831.0,165.69701
1764185040000,89830.99,89849.99,89740.0,89754.78,32.19346
1764185100000,89754.77,89850.0,89740.0,89821.98,18.68226
1764185160000,89821.97,89836.0,89792.17,89831.75,19.12884
1764185220000,89831.75,89831.75,89716.3,89744.0,53.35828
1764185280000,89744.01,89829.12,89732.78,89829.12,38.6956
1764185340000,89829.12,89838.86,89790.4,89790.41,21.20986
1764185400000,89790.41,89891.29,89790.41,89840.0,71.32288
1764185460000,89840.0,89858.0,89809.88,89821.68,56.82306
1764185520000,89821.68,89876.44,89744.57,89818.82,59.79322
1764185580000,89818.82,89875.74,89818.81,89875.74,18.43923
1764185640000,89875.73,89907.05,89867.71,89907.05,19.44851
1764185700000,89907.04,89907.04,89735.83,89830.68,45.07832
1764185760000,89830.67,89863.38,89784.21,89822.12,22.86125
1764185820000,89822.12,89822.12,89768.7,89784.0,12.61811
1764185880000,89783.99,89857.16,89783.99,89854.68,8.29737
1764185940000,89854.69,89887.98,89852.85,89874.82,12.43501
1764186000000,89874.82,89945.79,89808.98,89945.79,21.49163
1764186060000,89945.78,90036.0,89945.78,89977.53,42.70508
1764186120000,89977.54,89977.54,89932.26,89932.27,10.77337
1764186180000,89932.27,89932.27,89886.17,89886.17,13.92394
1764186240000,89886.17,89901.87,89860.05,89874.78,6.50845
1764186300000,89874.79,89874.79,89821.16,89865.42,6.58369
1764186360000,89865.41,89896.6,89865.02,89891.99,3.99404
1764186420000,89892.0,89893.0,89825.45,89892.99,6.88974
1764186480000,89892.99,89892.99,89822.88,89822.89,13.39755
1764186540000,89822.88,89829.19,89802.58,89812.18,6.98482
1764186600000,89812.18,89937.25,89801.16,89937.25,13.41433
1764186660000,89937.26,90037.71,89937.26,90013.8,14.85677
1764186720000,90013.81,90013.81,89962.46,89974.17,9.79428
1764186780000,89974.17,90004.82,89950.29,89968.41,7.79808
1764186840000,89968.4,89996.61,89949.6,89996.28,10.34912
1764186900000,89996.28,90047.89,89987.96,90047.88,17.76179
1764186960000,90047.88,90056.15,89990.0,89990.0,7.56659
1764187020000,89990.01,90005.99,89930.23,89963.54,8.78318
1764187080000,89963.55,90006.82,89963.54,89999.25,9.9453
1764187140000,89999.24,89999.25,89942.82,89957.36,8.74289
1764187200000,89957.37,89957.37,89862.13,89862.14,10.94443
1764187260000,89862.13,89964.7,89852.28,89910.66,22.06766
1764187320000,89910.67,89950.94,89893.18,89937.05,11.22686
1764187380000,89937.05,89941.1,89829.75,89838.45,7.29577
1764187440000,89838.45,89849.21,89784.15,89784.15,28.98493
1764187500000,89784.15,89784.15,89666.95,89674.92,24.85426
1764187560000,89674.75,89680.76,89512.47,89523.19,42.03455
1764187620000,89523.19,89565.66,89508.85,89548.65,12.24674
1764187680000,89548.66,89600.0,89537.34,89579.99,18.60566
1764187740000,89579.99,89630.68,89565.74,89620.28,13.17641
1764187800000,89620.27,89797.77,89620.27,89791.94,18.11203
1764187860000,89791.94,89859.97,89765.4,89821.47,18.69454
1764187920000,89821.47,89941.1,89821.47,89940.63,9.48881
1764187980000,89940.63,89978.35,89926.0,89967.11,11.42501
1764188040000,89967.12,90000.0,89946.0,89976.84,10.0703
1764188100000,89976.84,89999.95,89947.71,89953.85,10.14983
1764188160000,89953.84,89953.84,89930.23,89944.73,10.31997
1764188220000,89944.74,90035.38,89944.73,89969.78,18.01644
1764188280000,89969.56,89969.56,89870.84,89926.13,26.05686
1764188340000,89926.14,89946.0,89826.62,89827.0,65.61709
1764188400000,89827.0,89846.0,89800.95,89810.0,58.41805
1764188460000,89810.0,89933.83,89809.99,89930.0,22.13929
1764188520000,89929.99,89950.0,89918.72,89941.01,5.91916
1764188580000,89941.0,89989.05,89911.14,89956.31,51.13413
1764188640000,89956.32,90016.0,89935.18,90016.0,41.29461
1764188700000,90016.0,90106.38,90016.0,90106.37,92.37794
1764188760000,90106.37,90114.67,90024.68,90052.5,44.57907
1764188820000,90052.5,90100.66,89981.43,89981.44,37.49451
1764188880000,89981.43,89992.0,89939.97,89957.97,146.7741
1764188940000,89957.98,90005.77,89953.81,90000.35,13.27868
1764189000000,90000.36,90045.16,89962.64,90045.15,49.27418
1764189060000,90045.15,90065.84,90026.01,90059.01,197.174
1764189120000,90059.0,90068.02,90041.0,90051.0,22.32021
1764189180000,90051.01,90051.01,89916.02,89928.0,29.22541
1764189240000,89927.99,89928.0,89856.94,89864.67,133.84711
1764189300000,89864.67,89911.63,89838.21,89887.5,45.25634
1764189360000,89887.5,89925.27,89871.19,89925.26,18.2421
1764189420000,89925.26,89959.69,89925.26,89953.63,8.52806
1764189480000,89953.63,89953.64,89912.51,89914.71,10.46466
1764189540000,89914.72,89974.0,89906.47,89906.48,8.01887
1764189600000,89906.47,89906.47,89878.31,89892.87,6.64675
1764189660000,89892.88,89905.27,89838.42,89880.94,29.09367
1764189720000,89880.94,89918.0,89816.5,89856.03,20.71598
1764189780000,89856.03,89856.03,89737.54,89737.54,18.29825
1764189840000,89737.54,89737.55,89678.06,89678.06,11.21029
1764189900000,89678.07,89753.97,89664.0,89753.96,9.27451
1764189960000,89753.96,89753.97,89724.82,89738.4,6.56376
1764190020000,89738.4,89738.41,89644.77,89693.86,8.03589
1764190080000,89693.85,89748.65,89691.76,89723.99,6.64693
1764190140000,89723.99,89725.94,89658.73,89697.55,8.71388
1764190200000,89697.55,89783.1,89666.29,89768.23,9.06473
1764190260000,89768.22,89810.94,89768.22,89805.01,7.11902
1764190320000,89805.0,89873.42,89805.0,89826.12,7.62364
1764190380000,89826.13,89912.18,89826.13,89912.17,7.91916
1764190440000,89912.17,89932.99,89890.87,89902.99,8.97235
1764190500000,89902.99,89922.04,89880.72,89910.19,15.38212
1764190560000,89910.19,89917.18,89889.43,89908.18,7.04203
1764190620000,89908.19,89944.85,89900.76,89904.01,7.25866
1764190680000,89904.0,89944.31,89904.0,89919.0,8.24129
1764190740000,89918.99,89934.59,89854.27,89866.82,16.64858
1764190800000,89866.83,90010.0,89866.83,89933.84,47.73198
1764190860000,89933.85,89951.48,89916.7,89938.96,5.30338
1764190920000,89938.97,89960.0,89924.67,89959.99,5.06532
1764190980000,89960.0,90010.0,89960.0,90003.61,6.88894
1764191040000,90003.61,90022.57,89967.94,89968.0,14.47363
1764191100000,89968.0,89968.01,89878.73,89897.53,13.29198
1764191160000,89897.53,89932.68,89893.98,89909.08,5.76804
1764191220000,89909.07,89909.07,89876.6,89885.33,10.07771
1764191280000,89885.33,89940.54,89885.33,89901.27,7.4756
1764191340000,89901.28,89901.28,89834.34,89880.0,19.18612
1764191400000,89880.0,89891.47,89840.61,89857.93,4.52622
1764191460000,89857.93,89878.45,89851.99,89871.13,1.39034
1764191520000,89871.13,89883.72,89862.46,89862.46,2.60413
1764191580000,89862.47,89897.57,89862.46,89897.57,3.91894
1764191640000,89897.56,89897.57,89831.96,89831.96,1.96577
1764191700000,89831.97,89907.05,89817.96,89872.1,8.65686
1764191760000,89872.11,89937.13,89849.46,89849.46,5.65736
1764191820000,89849.45,89922.33,89843.77,89921.27,3.15835
1764191880000,89921.28,89928.13,89885.06,89885.06,2.72115
1764191940000,89885.06,89885.06,89828.68,89828.69,2.98773
1764192000000,89828.69,89952.0,89815.35,89861.41,78.38836
1764192060000,89861.41,89870.44,89834.77,89848.0,7.43174
1764192120000,89848.0,89894.14,89848.0,89894.14,4.08793
1764192180000,89896.0,89935.77,89896.0,89935.77,2.44648
1764192240000,89935.77,90018.28,89935.76,90015.66,11.75549
1764192300000,90015.66,90260.83,90015.65,90231.12,68.75993
1764192360000,90231.11,90232.03,90161.56,90232.03,25.10397
1764192420000,90233.98,90233.99,90179.32,90222.76,14.94642
1764192480000,90222.77,90281.78,90211.49,90281.77,14.88056
1764192540000,90281.78,90282.0,90245.72,90270.0,14.87169
1764192600000,90270.01,90327.9,90244.0,90244.0,17.7621
1764192660000,90244.01,90355.0,90244.0,90349.24,28.02708
1764192720000,90349.24,90491.28,90349.24,90417.7,62.87375
1764192780000,90417.7,90417.7,90287.34,90291.68,20.90801
1764192840000,90291.68,90324.97,90226.05,90233.56,27.93625
1764192900000,90233.57,90350.36,90233.57,90281.47,18.23034
1764192960000,90281.46,90281.47,90180.05,90180.05,6.10983
1764193020000,90180.05,90344.34,90146.18,90332.21,20.5133
1764193080000,90332.21,90352.01,90258.0,90282.04,22.87289
1764193140000,90282.03,90282.04,90224.12,90224.12,6.36058
1764193200000,90224.13,90280.2,90224.13,90271.16,7.16597
1764193260000,90271.17,90271.17,90232.49,90232.49,16.37337
1764193320000,90232.5,90232.5,90166.25,90201.75,4.98876
1764193380000,90201.76,90258.77,90201.76,90223.93,6.49157
1764193440000,90223.94,90254.12,90221.24,90231.64,3.09752
1764193500000,90231.64,90285.71,90231.63,90249.74,8.19616
1764193560000,90249.75,90317.04,90249.75,90305.69,9.80866
1764193620000,90305.7,90377.99,90305.7,90353.99,10.41521
1764193680000,90354.0,90364.0,90345.43,90345.44,3.93736
1764193740000,90345.44,90384.81,90345.44,90381.98,4.58535
1764193800000,90380.54,90380.54,90346.27,90346.27,3.13606
1764193860000,90346.28,90370.07,90346.27,90356.02,3.57178
1764193920000,90356.01,90376.06,90345.0,90353.1,9.26017
1764193980000,90353.1,90377.98,90353.1,90353.95,6.88947
1764194040000,90353.95,90369.68,90280.85,90292.93,7.79587
1764194100000,90292.94,90292.94,90200.34,90200.34,17.93285
1764194160000,90200.34,90225.37,90183.29,90225.36,9.17683
1764194220000,90225.36,90225.36,90190.88,90195.36,5.50235
1764194280000,90195.36,90195.36,90169.27,90179.15,4.57096
1764194340000,90179.15,90200.0,90160.62,90195.99,13.10303
1764194400000,90195.98,90217.74,90160.29,90160.3,12.16826
1764194460000,90160.3,90160.3,90147.44,90160.1,4.67496
1764194520000,90160.1,90160.1,90127.88,90127.89,5.88132
1764194580000,90127.89,90180.0,90127.88,90168.75,14.69314
1764194640000,90168.75,90193.61,90162.79,90185.29,5.15691
1764194700000,90185.3,90185.3,90131.48,90167.98,4.00328
1764194760000,90167.98,90258.23,90167.97,90258.23,14.79116
1764194820000,90258.22,90258.23,90247.01,90255.99,4.35826
1764194880000,90255.98,90309.22,90255.98,90292.23,5.09419
1764194940000,90292.22,90332.67,90292.22,90302.97,12.98388
1764195000000,90302.97,90359.05,90302.96,90359.04,8.41296
1764195060000,90359.05,90656.08,90359.04,90534.01,84.89611
1764195120000,90534.0,90548.67,90500.0,90500.01,26.83968
1764195180000,90500.01,90510.42,90344.43,90344.44,23.04537
1764195240000,90344.44,90357.09,90317.14,90324.12,8.34343
1764195300000,90324.12,90369.35,90293.61,90340.35,15.50543
1764195360000,90340.36,90380.0,90340.35,90379.99,4.55837
1764195420000,90380.0,90390.74,90333.32,90363.28,11.74952
1764195480000,90363.29,90381.64,90342.36,90377.99,5.95589
1764195540000,90377.99,90435.64,90377.99,90435.64,10.5239
1764195600000,90435.63,90514.45,90422.08,90514.44,11.74214
1764195660000,90514.45,90538.6,90514.45,90538.59,11.32046
1764195720000,90538.59,90538.6,90441.18,90441.18,14.89345
1764195780000,90441.18,90441.19,90357.44,90369.37,10.42601
1764195840000,90369.38,90374.03,90285.51,90285.52,15.59342
1764195900000,90285.51,90285.52,90214.8,90228.04,20.41329
1764195960000,90228.05,90313.52,90228.05,90313.52,10.83759
1764196020000,90313.52,90335.99,90313.51,90317.74,7.4966
1764196080000,90317.74,90387.65,90317.73,90387.64,5.31457
1764196140000,90387.64,90387.65,90327.45,90336.91,5.87496
1764196200000,90336.9,90369.73,90241.73,90246.01,15.53447
1764196260000,90246.0,90288.37,90240.65,90257.73,8.71517
1764196320000,90257.74,90278.0,90257.73,90277.98,4.43867
1764196380000,90277.98,90350.01,90277.97,90350.0,15.44744
1764196440000,90350.01,90350.01,90278.0,90278.0,7.34951
1764196500000,90278.01,90290.0,90247.28,90278.0,11.33434
1764196560000,90277.99,90278.0,90210.29,90210.29,5.10473
1764196620000,90210.3,90269.71,90201.55,90269.71,15.32507
1764196680000,90269.7,90269.7,90218.08,90225.99,5.15973
1764196740000,90225.99,90307.21,90225.99,90281.41,57.86236
1764196800000,90281.4,90311.99,90240.82,90311.98,6.78676
1764196860000,90311.98,90311.99,90232.53,90241.84,16.16495
1764196920000,90241.85,90264.95,90241.84,90264.94,2.85174
1764196980000,90264.95,90285.3,90255.0,90255.01,5.87153
1764197040000,90255.01,90255.01,90241.84,90241.84,3.38542
1764197100000,90241.85,90241.85,90218.08,90218.09,2.75211
1764197160000,90218.09,90278.79,90212.5,90278.78,11.3732
1764197220000,90278.78,90278.79,90254.13,90254.13,7.88383
1764197280000,90254.14,90280.19,90254.13,90271.65,4.28908
1764197340000,90271.65,90317.15,90271.65,90305.41,8.90072
1764197400000,90305.41,90305.41,90271.65,90271.66,1.97519
1764197460000,90271.66,90271.66,90267.13,90269.94,4.73127
1764197520000,90269.94,90270.66,90269.93,90270.66,1.41134
1764197580000,90270.66,90270.66,90270.0,90270.0,4.37108
1764197640000,90270.01,90270.01,90262.41,90262.42,0.93847
1764197700000,90262.42,90265.35,90262.41,90262.42,10.72013
1764197760000,90262.41,90262.42,90262.41,90262.42,1.03979
1764197820000,90262.42,90343.51,90262.42,90337.0,15.30599
1764197880000,90337.01,90461.53,90337.01,90461.53,13.89862
1764197940000,90461.53,90461.53,90347.42,90386.57,17.55275
1764198000000,90386.56,90428.41,90343.88,90428.41,9.01437
1764198060000,90428.41,90450.61,90412.88,90418.01,3.28746
1764198120000,90418.0,90453.25,90418.0,90418.88,8.4916
1764198180000,90418.88,90418.88,90341.04,90355.99,23.38448
1764198240000,90355.99,90499.99,90355.99,90499.99,16.64615
1764198300000,90499.99,90538.46,90489.42,90526.01,6.26951
1764198360000,90526.0,90526.01,90489.43,90489.44,14.83378
1764198420000,90489.43,90550.0,90476.53,90539.5,4.80532
1764198480000,90539.51,90539.51,90498.74,90510.0,11.41663
1764198540000,90510.0,90510.0,90464.47,90500.05,3.83508
1764198600000,90500.05,90550.0,90500.04,90539.31,7.79801
1764198660000,90539.31,90600.0,90530.46,90588.84,33.06143
1764198720000,90588.85,90588.85,90528.6,90528.61,4.9412
1764198780000,90528.61,90528.61,90495.27,90523.75,9.9662
1764198840000,90523.75,90534.53,90493.0,90512.61,8.57406
1764198900000,90512.62,90512.62,90450.11,90450.11,7.03181
1764198960000,90450.12,90486.0,90450.11,90478.66,5.06577
1764199020000,90478.67,90478.68,90429.93,90429.94,11.59514
1764199080000,90429.93,90481.64,90419.88,90464.18,11.32099
1764199140000,90464.18,90475.98,90400.1,90400.11,8.06602
1764199200000,90400.11,90436.54,90400.1,90427.99,5.55007
1764199260000,90427.99,90514.58,90427.99,90514.58,50.02002
1764199320000,90514.57,90514.57,90470.87,90491.81,12.48847
1764199380000,90491.82,90496.0,90479.85,90479.86,3.38826
1764199440000,90479.85,90503.74,90470.88,90490.67,4.7227
1764199500000,90490.67,90490.68,90416.85,90416.85,4.44945
1764199560000,90416.85,90418.82,90382.8,90382.82,6.24345
1764199620000,90382.82,90411.98,90370.14,90370.14,7.58814
1764199680000,90370.14,90383.55,90352.72,90352.73,6.14112
1764199740000,90352.72,90352.73,90335.46,90337.44,2.65556
1764199800000,90337.43,90346.01,90312.25,90346.0,5.28049
1764199860000,90346.01,90387.08,90331.23,90387.08,5.89984
1764199920000,90387.07,90399.0,90361.32,90363.47,4.59366
1764199980000,90363.46,90392.5,90363.46,90377.03,3.73641
1764200040000,90377.03,90386.47,90369.36,90369.36,2.26876
1764200100000,90369.36,90395.26,90350.7,90395.25,4.13595
1764200160000,90395.25,90395.26,90366.75,90366.76,2.86903
1764200220000,90366.75,90366.76,90331.6,90331.6,6.88606
1764200280000,90331.6,90356.0,90331.6,90356.0,2.89547
1764200340000,90355.99,90365.43,90355.99,90365.42,1.39644
1764200400000,90365.42,90399.0,90360.0,90399.0,4.22057
1764200460000,90398.99,90453.18,90398.99,90453.18,18.87874
1764200520000,90453.18,90453.19,90413.19,90413.19,2.71107
1764200580000,90413.2,90431.22,90399.0,90426.0,2.4076
1764200640000,90426.0,90426.0,90399.0,90417.22,2.23002
1764200700000,90417.22,90490.59,90408.51,90490.58,44.94922
1764200760000,90490.58,90490.59,90481.99,90486.08,14.32414
1764200820000,90486.07,90519.19,90486.07,90501.63,10.12299
1764200880000,90501.63,90568.96,90501.63,90550.0,10.06795
1764200940000,90550.01,90575.95,90550.0,90575.94,8.53361
1764201000000,90575.94,90575.95,90530.01,90530.01,26.94823
1764201060000,90530.02,90534.0,90500.0,90517.99,13.80222
1764201120000,90518.0,90565.75,90517.99,90549.87,4.79923
1764201180000,90549.88,90575.92,90546.36,90566.62,8.52683
1764201240000,90566.62,90566.62,90507.99,90512.74,23.44056
1764201300000,90512.75,90512.75,90500.0,90500.01,5.48035
1764201360000,90500.01,90506.65,90500.0,90504.85,2.01759
1764201420000,90504.85,90519.98,90504.84,90511.02,5.34341
1764201480000,90511.01,90518.01,90511.01,90518.01,2.59613
1764201540000,90518.01,90518.01,90484.01,90484.02,4.89522
1764201600000,90484.01,90494.56,90445.01,90494.55,20.63267
1764201660000,90494.56,90554.49,90448.24,90473.45,38.23441
1764201720000,90473.46,90478.9,90426.0,90453.6,19.11193
1764201780000,90453.61,90483.66,90442.47,90483.66,7.847
1764201840000,90483.65,90483.66,90408.51,90422.59,8.5997
1764201900000,90422.58,90422.58,90364.09,90373.39,6.38147
1764201960000,90373.4,90409.22,90368.08,90409.21,6.44465
1764202020000,90409.22,90423.08,90352.96,90352.97,8.1891
1764202080000,90352.96,90352.97,90312.24,90312.25,4.95766
1764202140000,90312.24,90312.25,90262.19,90268.32,20.57684
1764202200000,90268.32,90307.76,90220.63,90246.0,31.33771
1764202260000,90245.99,90306.0,90223.52,90296.97,62.35385
1764202320000,90296.97,90296.97,90235.88,90240.46,19.39382
1764202380000,90240.46,90240.46,90116.33,90207.81,52.93501
1764202440000,90207.81,90243.78,90176.7,90179.01,43.7267
1764202500000,90179.01,90185.48,90089.91,90148.73,54.42982
1764202560000,90148.73,90193.99,90148.52,90180.54,11.36165
1764202620000,90180.54,90180.54,90116.48,90149.84,19.34751
1764202680000,90149.85,90239.43,90149.84,90235.52,6.98485
1764202740000,90235.51,90249.04,90210.53,90249.03,15.9369
1764202800000,90249.03,90249.04,90194.9,90195.06,14.00524
1764202860000,90195.07,90208.79,90195.06,90208.77,4.72664
1764202920000,90208.78,90260.0,90208.77,90249.43,12.61284
1764202980000,90249.43,90256.0,90206.11,90212.61,10.67157
1764203040000,90212.61,90215.68,90170.25,90184.91,14.35626
1764203100000,90184.9,90268.01,90184.9,90224.37,15.86708
1764203160000,90224.37,90226.74,90199.6,90217.5,7.88493
1764203220000,90217.51,90220.0,90209.99,90219.98,2.96906
1764203280000,90219.99,90219.99,90204.41,90205.55,7.43751
1764203340000,90205.55,90247.73,90205.54,90218.01,13.23068
1764203400000,90218.01,90238.0,90216.89,90238.0,5.21899
1764203460000,90238.0,90238.0,90216.9,90230.3,8.12979
1764203520000,90230.31,90246.52,90230.3,90240.45,7.97183
1764203580000,90240.45,90251.7,90232.14,90251.69,4.92305
1764203640000,90251.7,90335.95,90245.38,90321.12,10.80389
1764203700000,90321.11,90321.12,90272.61,90296.76,4.47848
1764203760000,90296.77,90357.13,90296.76,90346.38,14.13818
1764203820000,90346.38,90366.0,90335.25,90335.26,23.78653
1764203880000,90335.27,90365.25,90318.08,90318.09,4.25048
1764203940000,90318.09,90318.09,90300.02,90317.11,3.0207
1764204000000,90317.1,90394.97,90317.1,90394.96,2.58261
1764204060000,90394.97,90394.97,90358.49,90361.51,7.93342
1764204120000,90361.51,90385.13,90361.5,90361.53,5.293
1764204180000,90361.53,90361.53,90332.3,90352.2,12.42508
1764204240000,90352.2,90368.8,90342.49,90361.67,7.02437
1764204300000,90361.68,90402.4,90361.67,90390.13,3.02102
1764204360000,90390.13,90433.99,90390.13,90405.27,2.42772
1764204420000,90405.27,90475.0,90352.0,90454.72,12.51405
1764204480000,90454.72,90579.01,90454.72,90536.03,46.86172
1764204540000,90536.02,90574.02,90508.43,90539.66,18.83204
1764204600000,90539.66,90597.32,90539.65,90587.11,6.86036
1764204660000,90587.11,90587.12,90480.0,90480.0,8.78227
1764204720000,90480.0,90480.01,90413.38,90413.39,9.58694
1764204780000,90413.38,90500.01,90413.38,90474.23,40.87036
1764204840000,90474.24,90508.0,90464.31,90507.99,3.34066
1764204900000,90508.0,90508.0,90484.36,90486.7,4.99916
1764204960000,90486.7,90540.0,90486.7,90531.99,4.39549
1764205020000,90532.0,90532.0,90499.82,90499.82,5.8915
1764205080000,90499.82,90499.83,90464.31,90464.31,3.97014
1764205140000,90464.31,90485.85,90464.31,90485.85,6.6847
1764205200000,90485.85,90485.85,90385.5,90407.53,7.89092
1764205260000,90407.52,90500.0,90390.43,90491.81,11.41737
1764205320000,90491.8,90550.73,90488.79,90550.73,15.77873
1764205380000,90550.73,90650.0,90526.54,90640.72,41.92959
1764205440000,90640.71,90687.34,90604.27,90664.39,40.23816
1764205500000,90664.39,90931.0,90664.39,90832.35,111.57308
1764205560000,90832.35,90835.58,90768.65,90817.34,36.64564
1764205620000,90817.34,90848.56,90740.01,90740.02,19.25325
1764205680000,90740.01,90779.49,90737.89,90750.0,11.74418
1764205740000,90750.0,90817.8,90750.0,90800.94,7.61177
1764205800000,90800.95,90800.95,90710.83,90713.63,23.03585
1764205860000,90713.63,90738.45,90657.38,90675.24,22.12793
1764205920000,90675.23,90675.24,90624.77,90674.02,10.71054
1764205980000,90674.01,90674.02,90569.69,90627.64,24.84125
1764206040000,90627.65,90714.86,90627.65,90688.06,12.48645
1764206100000,90688.07,90760.08,90620.0,90735.88,30.64676
1764206160000,90735.89,90776.17,90735.88,90744.57,22.27179
1764206220000,90744.57,90799.49,90730.01,90799.49,23.89896
1764206280000,90799.48,90818.0,90730.01,90730.01,10.06545
1764206340000,90730.01,90730.02,90671.12,90704.02,10.04806
1764206400000,90704.01,90704.01,90609.02,90609.02,16.29208
1764206460000,90609.02,90681.99,90604.05,90666.04,14.19622
1764206520000,90666.03,90672.74,90644.01,90659.0,5.77801
1764206580000,90658.99,90718.17,90658.99,90713.58,5.04295
1764206640000,90713.57,90713.58,90662.37,90686.17,13.02885
1764206700000,90686.18,90702.26,90686.18,90693.27,6.08299
1764206760000,90693.27,90711.43,90667.15,90690.25,32.71749
1764206820000,90690.24,90729.78,90680.0,90729.78,34.45297
1764206880000,90729.77,90764.94,90729.77,90744.83,4.70233
1764206940000,90744.83,90768.17,90713.36,90719.2,13.99832
1764207000000,90719.19,90719.19,90665.44,90665.45,5.09755
1764207060000,90665.44,90665.44,90615.68,90638.56,7.35112
1764207120000,90638.55,90678.87,90620.0,90620.0,5.07739
1764207180000,90620.0,90654.47,90600.0,90646.0,5.77415
1764207240000,90646.01,90686.67,90644.2,90653.76,7.91821
1764207300000,90653.76,90661.9,90631.23,90661.89,9.2348
1764207360000,90661.9,90700.0,90661.89,90689.71,3.36808
1764207420000,90689.72,90689.72,90649.87,90672.99,8.87033
1764207480000,90672.98,90672.99,90642.0,90646.85,4.31185
1764207540000,90646.84,90669.77,90646.84,90652.07,5.02597
1764207600000,90652.07,90664.51,90644.47,90646.91,4.20969
1764207660000,90646.91,90699.99,90646.14,90692.96,2.89729
1764207720000,90692.97,90712.57,90692.96,90712.57,2.70652
1764207780000,90712.57,90736.54,90688.3,90690.79,11.92188
1764207840000,90690.79,90706.52,90689.2,90706.52,2.57023
1764207900000,90706.51,90741.53,90690.0,90741.52,7.29391
1764207960000,90741.53,90741.53,90699.16,90700.01,2.69389
1764208020000,90700.0,90712.52,90657.0,90657.0,14.78866
1764208080000,90656.0,90656.01,90646.99,90647.0,3.65408
1764208140000,90647.0,90664.26,90639.73,90648.56,31.67362
1764208200000,90648.56,90735.22,90644.14,90735.21,8.50938
1764208260000,90735.22,90741.53,90695.58,90695.59,14.65502
1764208320000,90695.59,90718.0,90660.45,90668.0,5.58816
1764208380000,90668.0,90720.6,90668.0,90685.86,6.11179
1764208440000,90685.87,90700.0,90685.86,90700.0,3.81726
1764208500000,90700.0,90747.52,90700.0,90740.26,15.76268
1764208560000,90740.27,90899.73,90740.26,90855.04,32.25296
1764208620000,90855.04,90987.0,90816.76,90929.87,51.15445
1764208680000,90929.88,91110.13,90929.87,91031.49,114.55297
1764208740000,91031.49,91236.0,91009.62,91145.78,83.98805
1764208800000,91145.78,91213.68,91054.16,91056.31,42.08537
1764208860000,91056.31,91075.52,90930.0,90930.01,35.27279
1764208920000,90930.0,90968.0,90926.11,90940.67,22.11425
1764208980000,90940.68,90951.22,90910.96,90921.24,8.79904
1764209040000,90921.23,90946.29,90920.35,90940.78,13.19142
1764209100000,90940.77,90940.78,90879.76,90921.62,11.95522
1764209160000,90921.61,91044.5,90921.61,91000.33,27.05595
1764209220000,91000.33,91070.48,90991.06,91050.05,8.30421
1764209280000,91050.05,91109.27,91047.64,91109.27,20.04214
1764209340000,91109.27,91109.27,91059.57,91072.46,5.81728
1764209400000,91072.45,91100.0,91025.13,91099.99,18.08473
1764209460000,91100.0,91135.98,91044.98,91052.92,14.53719
1764209520000,91052.92,91052.92,90972.15,91000.02,11.79176
1764209580000,91000.02,91053.24,91000.02,91052.84,9.87063
1764209640000,91052.84,91071.16,91028.12,91029.89,20.2532
1764209700000,91029.89,91071.14,91002.98,91052.93,11.70055
1764209760000,91052.94,91093.61,91019.66,91086.66,9.97754
1764209820000,91086.66,91127.97,91086.65,91093.43,8.58106
1764209880000,91093.43,91105.76,91093.43,91100.01,8.19507
1764209940000,91100.0,91100.01,91022.75,91094.21,15.2174
1764210000000,91094.59,91155.51,91094.58,91155.5,14.16839
1764210060000,91155.51,91313.98,91149.92,91200.78,70.01796
1764210120000,91200.78,91200.78,91154.03,91168.28,24.56704
1764210180000,91168.28,91168.29,91101.54,91102.36,18.89348
1764210240000,91102.35,91154.44,91102.35,91146.65,9.45763
1764210300000,91146.64,91217.41,91121.01,91208.53,39.00919
1764210360000,91208.53,91351.0,91208.53,91328.74,118.24137
1764210420000,91328.74,91400.0,91297.14,91333.11,150.43858
1764210480000,91333.11,91456.58,91333.1,91405.59,126.54653
1764210540000,91405.58,91480.0,91400.0,91480.0,23.07785
1764210600000,91480.0,91567.98,91421.77,91498.02,178.19181
1764210660000,91498.02,91649.17,91472.0,91548.17,154.94024
1764210720000,91548.17,91683.64,91454.5,91485.45,94.68087
1764210780000,91485.45,91497.35,91430.74,91432.98,34.79416
1764210840000,91432.98,91466.09,91383.99,91389.99,14.15629
1764210900000,91390.0,91471.93,91365.84,91452.98,17.86107
1764210960000,91452.97,91465.24,91388.68,91407.29,18.2984
1764211020000,91407.28,91511.78,91395.4,91511.77,21.41867
1764211080000,91511.77,91586.34,91511.77,91586.33,18.94133
1764211140000,91586.33,91620.22,91527.65,91570.28,41.14277
1764211200000,91570.29,91573.16,91550.9,91573.16,7.41372
1764211260000,91573.16,91646.92,91564.32,91638.75,20.07736
1764211320000,91638.76,91757.98,91638.76,91757.98,51.47542
1764211380000,91757.97,91800.0,91725.61,91784.51,91.51333
1764211440000,91784.51,91887.0,91784.51,91823.4,114.19312
1764211500000,91823.39,91865.66,91737.09,91765.62,41.79132
1764211560000,91765.63,91817.59,91652.0,91759.08,101.94842
1764211620000,91759.08,91884.86,91759.08,91853.92,38.29143
1764211680000,91853.93,91853.93,91662.0,91672.0,25.26793
1764211740000,91672.0,91863.0,91662.82,91811.06,125.80329
1764211800000,91811.06,91920.0,91764.32,91881.0,160.16552
1764211860000,91881.01,91928.12,91775.15,91825.2,159.53689
1764211920000,91825.2,91942.56,91825.19,91880.0,159.95669
1764211980000,91880.0,91950.0,91813.7,91849.16,117.77904
1764212040000,91849.15,91903.76,91635.92,91641.38,61.78675
1764212100000,91641.39,91654.39,91524.17,91526.0,35.97363
1764212160000,91526.0,91526.0,91412.06,91420.18,39.57356
1764212220000,91420.17,91485.32,91333.75,91403.58,38.22127
1764212280000,91403.58,91477.0,91368.78,91477.0,22.13636
1764212340000,91476.99,91477.0,91360.0,91389.21,17.22622
1764212400000,91389.73,91394.79,91309.81,91374.0,44.43255
1764212460000,91373.99,91417.0,91366.38,91401.45,7.93535
1764212520000,91401.44,91401.45,91346.75,91364.65,7.04748
1764212580000,91364.65,91401.3,91351.82,91394.04,18.06921
1764212640000,91394.05,91419.38,91385.04,91388.87,7.73881
1764212700000,91388.86,91388.87,91332.58,91344.12,14.19182
1764212760000,91344.12,91414.98,91344.11,91400.01,28.87948
1764212820000,91400.0,91550.63,91400.0,91527.46,14.69977
1764212880000,91526.56,91615.6,91509.37,91599.98,10.59658
1764212940000,91599.99,91605.25,91485.87,91485.88,11.74896
1764213000000,91485.87,91499.98,91445.69,91499.98,13.1443
1764213060000,91499.98,91499.98,91423.73,91448.0,5.33288
1764213120000,91448.0,91451.21,91422.54,91424.82,4.80539
1764213180000,91424.83,91424.83,91332.58,91333.14,12.16831
1764213240000,91333.15,91389.54,91333.14,91361.97,7.73634
1764213300000,91361.96,91370.0,91312.63,91327.3,26.79719
1764213360000,91327.29,91399.99,91322.09,91399.98,16.26438
1764213420000,91399.99,91458.6,91399.99,91452.0,9.98638
1764213480000,91451.99,91580.0,91451.99,91574.35,12.16365
1764213540000,91574.35,91583.61,91539.5,91539.5,8.49508
1764213600000,91539.5,91598.09,91539.5,91585.95,13.91524
1764213660000,91585.96,91599.0,91574.84,91574.85,14.61505
1764213720000,91574.84,91578.78,91544.64,91546.04,8.60656
1764213780000,91546.03,91546.04,91465.34,91466.0,5.28081
1764213840000,91466.0,91486.01,91456.45,91476.95,9.91097
1764213900000,91476.94,91483.02,91426.78,91426.79,9.07012
1764213960000,91426.78,91456.0,91352.01,91352.01,16.92836
1764214020000,91352.01,91383.91,91329.76,91383.9,13.34329
1764214080000,91383.9,91383.91,91329.76,91360.67,19.10155
1764214140000,91360.66,91360.66,91330.08,91334.53,10.22696
1764214200000,91334.53,91334.53,91254.75,91254.75,10.47697
1764214260000,91254.75,91264.53,91222.78,91236.5,10.6611
1764214320000,91236.49,91245.6,91176.0,91176.0,14.75523
1764214380000,91176.01,91192.0,91125.53,91182.23,17.18943
1764214440000,91182.22,91186.32,91118.84,91133.58,25.24944
1764214500000,91133.58,91209.96,91113.23,91208.0,11.43131
1764214560000,91207.99,91208.49,91186.06,91186.06,5.89478
1764214620000,91186.07,91189.13,91135.45,91139.24,4.51396
1764214680000,91139.25,91225.9,91139.25,91225.9,11.15139
1764214740000,91225.9,91249.18,91180.0,91198.32,19.2833
1764214800000,91198.31,91248.16,91198.31,91198.32,8.45156
1764214860000,91198.31,91246.92,91190.0,91241.23,7.96588
1764214920000,91241.24,91260.0,91094.58,91163.85,80.85354
1764214980000,91163.85,91184.84,91128.14,91128.14,8.15234
1764215040000,91128.14,91162.62,91088.76,91161.98,25.61545
1764215100000,91161.99,91198.91,91100.47,91117.99,5.80268
1764215160000,91117.99,91124.0,91105.0,91105.0,7.76357
1764215220000,91105.0,91105.01,91072.18,91072.19,16.07801
1764215280000,91072.18,91084.0,91044.14,91064.66,12.08547
1764215340000,91064.66,91100.0,91048.57,91099.99,21.48012
1764215400000,91099.99,91137.67,91084.34,91125.15,14.15856
1764215460000,91125.15,91135.79,91102.86,91114.57,12.1963
1764215520000,91114.57,91148.0,91114.57,91148.0,4.5436
1764215580000,91148.01,91148.01,91127.45,91127.45,9.60599
1764215640000,91127.46,91188.0,91127.45,91175.9,7.81223
1764215700000,91175.91,91192.0,91146.99,91192.0,9.49562
1764215760000,91192.0,91221.7,91175.68,91221.69,7.27905
1764215820000,91221.69,91221.69,91188.68,91188.68,3.87245
1764215880000,91188.69,91188.69,91138.28,91148.13,9.01604
1764215940000,91148.12,91163.4,91071.15,91091.68,9.02395
1764216000000,91091.68,91123.69,91068.71,91083.83,10.53766
1764216060000,91083.83,91117.43,91057.77,91085.99,7.97229
1764216120000,91085.98,91090.52,91060.15,91060.15,5.56996
1764216180000,91060.15,91078.47,91059.33,91064.22,8.93852
1764216240000,91064.22,91098.29,91060.24,91093.27,3.59939
1764216300000,91093.27,91114.86,91082.1,91095.74,3.9304
1764216360000,91095.74,91122.98,91093.29,91093.3,5.10447
1764216420000,91093.29,91159.18,91092.44,91159.17,4.12882
1764216480000,91159.18,91181.93,91138.34,91141.98,2.12581
1764216540000,91141.98,91179.47,91141.98,91179.47,4.33448
1764216600000,91179.46,91260.0,91169.61,91259.99,12.70489
1764216660000,91260.0,91348.08,91259.99,91336.54,30.03815
1764216720000,91336.54,91343.99,91288.01,91288.02,14.77478
1764216780000,91288.02,91341.66,91288.01,91339.06,10.40208
1764216840000,91339.05,91353.85,91278.54,91289.98,11.07592
1764216900000,91289.99,91345.66,91280.96,91318.14,15.68041
1764216960000,91318.13,91340.41,91307.15,91324.43,4.11617
1764217020000,91324.42,91324.42,91259.99,91292.45,6.38967
1764217080000,91292.44,91299.72,91230.89,91230.89,11.35186
1764217140000,91230.89,91230.9,91204.32,91204.32,8.79204
1764217200000,91204.33,91235.15,91200.0,91235.14,4.15699
1764217260000,91235.15,91235.15,91184.05,91214.08,8.50775
1764217320000,91214.08,91214.08,91200.0,91208.22,4.61219
1764217380000,91208.22,91230.0,91205.15,91230.0,13.68128
1764217440000,91230.0,91250.22,91200.0,91250.0,10.77268
1764217500000,91250.0,91344.35,91250.0,91313.99,18.57686
1764217560000,91313.98,91346.69,91280.65,91306.33,12.82867
1764217620000,91306.33,91324.19,91213.5,91239.75,9.12324
1764217680000,91239.75,91239.75,91158.01,91158.02,6.29013
1764217740000,91158.02,91169.23,91119.3,91125.69,6.71608
1764217800000,91125.7,91135.24,91090.4,91104.07,15.67537
1764217860000,91104.06,91157.79,91088.89,91142.78,9.59386
1764217920000,91142.78,91186.84,91137.96,91149.46,5.56442
1764217980000,91149.46,91186.69,91105.46,91105.46,13.16558
1764218040000,91105.45,91118.85,91075.0,91113.0,7.92216
1764218100000,91113.0,91149.99,91113.0,91127.94,14.67268
1764218160000,91127.94,91145.73,91127.94,91132.8,6.46043
1764218220000,91132.8,91211.79,91132.8,91211.79,9.96027
1764218280000,91211.8,91300.0,91211.8,91258.41,7.27518
1764218340000,91258.4,91258.4,91207.39,91249.97,7.25694
1764218400000,91249.96,91249.97,91201.87,91211.98,8.09574
1764218460000,91211.99,91211.99,91132.81,91132.81,14.73219
1764218520000,91132.8,91187.59,91121.89,91167.27,7.92666
1764218580000,91167.27,91213.18,91157.74,91196.57,5.22103
1764218640000,91196.57,91196.57,91156.07,91156.08,3.31621
1764218700000,91156.08,91209.99,91156.07,91209.99,6.48447
1764218760000,91209.99,91228.94,91169.49,91228.94,17.39445
1764218820000,91228.94,91259.97,91228.94,91254.6,5.44006
1764218880000,91254.61,91258.0,91235.99,91235.99,2.59506
1764218940000,91236.0,91258.02,91235.99,91240.01,4.96597
1764219000000,91240.01,91240.02,91204.4,91213.49,3.77402
1764219060000,91213.5,91213.5,91178.66,91208.76,4.64847
1764219120000,91208.76,91246.0,91196.38,91246.0,3.2533
1764219180000,91246.0,91275.93,91245.99,91257.4,4.57686
1764219240000,91257.4,91300.0,91249.1,91249.1,15.56988
1764219300000,91249.11,91253.44,91237.89,91253.43,7.25882
1764219360000,91253.44,91300.0,91253.43,91299.99,7.36873
1764219420000,91300.0,91313.71,91279.68,91279.68,3.91872
1764219480000,91279.68,91296.35,91274.66,91274.67,6.19333
1764219540000,91274.67,91287.4,91274.66,91277.06,2.10607
1764219600000,91277.06,91277.06,91168.65,91168.65,13.78218
1764219660000,91168.66,91197.6,91154.0,91165.01,5.69987
1764219720000,91165.0,91224.76,91165.0,91219.95,7.29716
1764219780000,91219.95,91235.01,91214.0,91235.01,3.43405
1764219840000,91235.01,91285.72,91235.0,91248.92,7.83514
1764219900000,91248.92,91258.12,91222.01,91243.61,4.1187
1764219960000,91243.61,91319.39,91243.61,91312.31,6.66129
1764220020000,91312.31,91333.0,91300.97,91300.99,5.20175
1764220080000,91300.98,91307.99,91256.47,91256.47,6.42454
1764220140000,91256.47,91256.48,91200.0,91207.54,3.87556
1764220200000,91207.54,91212.69,91200.0,91212.23,4.19679
1764220260000,91212.23,91222.01,91186.44,91200.0,6.97744
1764220320000,91200.0,91279.2,91200.0,91253.0,4.59619
1764220380000,91252.99,91293.01,91252.99,91289.34,4.38918
1764220440000,91289.34,91319.84,91289.34,91298.36,5.53188
1764220500000,91298.36,91311.12,91273.0,91288.97,6.73242
1764220560000,91288.96,91303.21,91241.62,91249.96,4.50519
1764220620000,91249.97,91284.42,91249.96,91253.35,3.652
1764220680000,91253.34,91288.3,91241.62,91282.01,4.58814
1764220740000,91282.0,91282.01,91242.0,91242.0,2.4257
1764220800000,91242.01,91323.15,91242.01,91270.81,7.63606
1764220860000,91270.8,91292.67,91251.15,91292.67,6.58663
1764220920000,91292.67,91315.42,91292.67,91301.8,1.17975
1764220980000,91301.79,91447.97,91301.79,91440.55,32.37952
1764221040000,91440.56,91500.0,91440.55,91494.32,50.00425
1764221100000,91494.33,91554.49,91485.55,91512.47,28.12662
1764221160000,91512.46,91528.49,91440.55,91447.65,14.74166
1764221220000,91447.65,91515.35,91440.55,91486.69,8.40656
1764221280000,91486.69,91528.3,91470.9,91524.33,14.12353
1764221340000,91524.33,91533.94,91478.95,91489.02,12.60743
1764221400000,91489.02,91489.02,91406.31,91446.33,12.20879
1764221460000,91446.32,91475.68,91434.62,91436.84,13.43344
1764221520000,91436.84,91452.34,91363.03,91375.92,6.33382
1764221580000,91375.93,91392.94,91354.79,91387.5,4.23461
1764221640000,91387.5,91387.5,91343.45,91361.91,17.94031
1764221700000,91361.91,91361.91,91206.83,91224.27,18.02622
1764221760000,91224.28,91303.99,91224.28,91303.98,7.934
1764221820000,91303.97,91303.98,91205.85,91205.86,6.62763
1764221880000,91205.85,91209.05,91132.0,91134.82,17.79814
1764221940000,91134.83,91172.69,91111.68,91165.92,11.19768
1764222000000,91165.91,91172.7,91034.49,91034.49,18.6931
1764222060000,91034.48,91043.1,90962.62,90983.8,52.79097
1764222120000,90983.81,91025.48,90921.02,90957.7,24.29632
1764222180000,90957.71,90987.19,90889.11,90987.19,42.67174
1764222240000,90987.18,90991.16,90950.01,90966.46,4.64062
1764222300000,90966.45,91000.0,90938.59,90999.99,9.21636
1764222360000,90999.99,91027.79,90993.11,91017.81,11.44932
1764222420000,91017.82,91017.82,90966.45,90966.45,5.18301
1764222480000,90966.46,91092.51,90966.45,91092.51,20.266
1764222540000,91092.51,91092.51,91020.01,91026.76,13.19948
1764222600000,91026.77,91029.04,90952.93,90973.13,18.59525
1764222660000,90973.13,90973.14,90942.17,90954.12,3.5688
1764222720000,90954.11,90972.98,90921.85,90934.26,11.8566
1764222780000,90934.27,91029.04,90934.26,90995.74,32.43036
1764222840000,90995.74,91004.84,90977.52,91001.7,6.30562
1764222900000,91001.71,91029.04,90956.0,90956.0,12.32062
1764222960000,90956.0,90984.12,90938.23,90946.65,8.16591
1764223020000,90946.64,90979.71,90946.64,90953.96,16.36477
1764223080000,90953.96,90985.6,90949.87,90985.59,4.5941
1764223140000,90985.6,90985.6,90963.73,90967.54,4.45232
1764223200000,90967.53,91043.31,90967.53,91033.05,7.52544
1764223260000,91033.06,91044.0,91033.05,91036.47,6.20738
1764223320000,91036.47,91059.01,90999.99,91000.0,10.54517
1764223380000,90999.99,91000.0,90974.51,90981.77,11.69159
1764223440000,90981.77,91010.84,90981.76,90997.47,5.6986
1764223500000,90997.46,91019.84,90997.46,91011.79,4.51218
1764223560000,91011.79,91017.5,90995.83,91017.49,6.39393
1764223620000,91017.5,91057.62,91017.49,91045.89,5.91709
1764223680000,91045.9,91072.71,91030.97,91072.7,3.31723
1764223740000,91072.7,91130.35,91072.7,91130.35,8.5819
1764223800000,91130.35,91300.05,91130.35,91235.29,128.30605
1764223860000,91235.28,91255.15,91234.44,91255.15,4.0523
1764223920000,91255.14,91255.15,91208.0,91208.01,6.50512
1764223980000,91208.01,91254.78,91208.0,91250.39,11.8415
1764224040000,91250.39,91300.0,91242.75,91287.72,58.29183
1764224100000,91287.72,91341.36,91259.01,91308.37,8.82624
1764224160000,91308.37,91368.72,91308.37,91328.54,30.39206
1764224220000,91328.54,91328.55,91256.01,91256.01,12.20091
1764224280000,91256.01,91256.02,91215.01,91227.8,5.31471
1764224340000,91227.81,91235.98,91227.8,91228.24,5.27592
1764224400000,91228.23,91249.97,91228.23,91249.97,2.38619
1764224460000,91249.96,91253.79,91227.8,91227.81,3.02292
1764224520000,91227.81,91311.47,91227.8,91311.47,17.37559
1764224580000,91311.48,91339.69,91311.47,91326.0,4.38213
1764224640000,91326.01,91342.48,91312.3,91342.47,7.08028
1764224700000,91342.47,91368.91,91331.32,91361.57,8.50027
1764224760000,91361.58,91399.99,91361.57,91384.48,3.862
1764224820000,91384.47,91413.45,91373.9,91398.56,7.38071
1764224880000,91398.56,91410.96,91335.89,91378.7,12.83906
1764224940000,91378.7,91382.0,91370.96,91382.0,2.4541
1764225000000,91382.0,91391.84,91358.02,91373.59,5.47293
1764225060000,91373.59,91373.59,91350.33,91358.89,5.46248
1764225120000,91358.88,91379.96,91358.88,91379.95,8.92165
1764225180000,91379.96,91386.45,91348.13,91348.14,5.4544
1764225240000,91348.14,91365.02,91348.13,91365.01,5.28609
1764225300000,91365.01,91378.71,91340.57,91340.63,4.47755
1764225360000,91341.62,91379.4,91341.62,91379.39,5.54963
1764225420000,91379.4,91417.57,91379.4,91417.56,8.08432
1764225480000,91417.56,91425.39,91404.29,91425.38,4.81426
1764225540000,91425.38,91445.3,91392.9,91392.9,4.91434
1764225600000,91392.9,91392.91,91331.33,91331.33,9.53877
1764225660000,91331.34,91331.34,91280.0,91280.01,7.39867
1764225720000,91280.01,91339.1,91280.0,91311.38,17.77421
1764225780000,91311.37,91337.37,91302.51,91329.46,4.42119
1764225840000,91329.46,91335.32,91329.45,91335.31,2.14313
1764225900000,91335.32,91347.88,91321.52,91321.52,4.51525
1764225960000,91321.53,91326.02,91292.59,91292.6,4.65683
1764226020000,91292.59,91375.32,91292.59,91363.39,4.0801
1764226080000,91363.39,91363.4,91343.08,91343.09,6.1605
1764226140000,91343.08,91348.84,91311.81,91311.82,5.60674
1764226200000,91311.81,91311.82,91262.83,91264.59,6.61718
1764226260000,91264.6,91264.6,91195.79,91195.79,4.7518
1764226320000,91195.79,91216.59,91195.79,91202.2,4.96651
1764226380000,91202.19,91210.61,91202.19,91206.96,3.59722
1764226440000,91206.97,91212.2,91206.97,91212.19,4.57985
1764226500000,91212.18,91274.48,91212.18,91274.48,10.47696
1764226560000,91274.7,91283.18,91260.8,91261.87,3.87569
1764226620000,91261.87,91280.0,91254.17,91254.18,5.67173
1764226680000,91254.18,91270.83,91250.02,91258.77,5.17996
1764226740000,91258.77,91258.77,91213.58,91244.58,15.13301
1764226800000,91244.59,91259.27,91237.68,91258.51,6.46561
1764226860000,91258.51,91285.68,91200.01,91212.86,11.05475
1764226920000,91212.85,91212.86,91185.01,91185.01,4.59033
1764226980000,91185.02,91185.02,91135.88,91135.89,7.81616
1764227040000,91135.89,91175.33,91135.89,91164.26,6.26309
1764227100000,91164.27,91250.16,91164.26,91217.32,16.34624
1764227160000,91217.32,91234.77,91217.31,91226.47,2.16576
1764227220000,91226.47,91248.35,91226.47,91229.39,2.77153
1764227280000,91229.4,91259.28,91217.31,91244.92,3.29878
1764227340000,91244.92,91247.92,91226.64,91240.73,4.37852
1764227400000,91240.73,91290.14,91240.73,91278.17,7.91206
1764227460000,91278.17,91278.18,91267.99,91276.94,1.24909
1764227520000,91276.93,91327.98,91276.93,91327.97,2.7317
1764227580000,91327.98,91327.98,91300.0,91303.95,8.69464
1764227640000,91303.96,91303.96,91262.0,91283.17,6.55204
1764227700000,91283.16,91283.16,91248.89,91248.89,2.17678
1764227760000,91248.89,91271.18,91241.45,91271.17,1.88852
1764227820000,91271.18,91309.0,91260.35,91302.59,18.71375
1764227880000,91302.59,91352.55,91302.59,91341.34,4.3867
1764227940000,91341.34,91366.77,91341.33,91362.89,3.5658
1764228000000,91362.9,91362.9,91341.36,91357.58,2.88877
1764228060000,91357.59,91385.12,91332.0,91350.05,19.90724
1764228120000,91350.05,91374.0,91340.56,91373.99,5.91813
1764228180000,91373.99,91381.96,91357.96,91370.0,7.65211
1764228240000,91370.0,91376.44,91352.98,91376.43,3.1322
1764228300000,91376.43,91432.93,91376.43,91427.2,24.25873
1764228360000,91427.19,91429.0,91427.18,91428.99,7.63691
1764228420000,91428.99,91467.77,91428.99,91448.16,10.57545
1764228480000,91448.17,91457.31,91448.16,91457.3,1.23923
1764228540000,91457.31,91457.31,91442.95,91442.95,4.74865
1764228600000,91442.95,91442.96,91411.66,91411.68,9.84241
1764228660000,91411.67,91411.68,91362.41,91403.08,13.82954
1764228720000,91403.09,91423.75,91363.18,91389.73,12.03962
1764228780000,91389.73,91450.9,91389.73,91436.09,14.38995
1764228840000,91436.09,91443.31,91415.63,91443.31,11.7567
1764228900000,91443.99,91455.36,91430.44,91445.09,10.88582
1764228960000,91445.09,91445.1,91408.02,91417.85,12.09811
1764229020000,91417.84,91436.29,91410.45,91418.66,10.632
1764229080000,91418.66,91418.66,91384.41,91417.7,19.96593
1764229140000,91417.69,91417.7,91381.55,91401.47,11.72643
1764229200000,91401.47,91401.48,91358.43,91368.18,12.00768
1764229260000,91368.18,91399.99,91360.94,91361.94,16.41566
1764229320000,91361.94,91375.86,91353.05,91370.99,13.34101
1764229380000,91370.99,91399.61,91370.52,91374.63,12.70639
1764229440000,91374.62,91374.62,91350.0,91364.63,12.65433
1764229500000,91364.63,91374.08,91350.0,91350.01,13.68654
1764229560000,91350.0,91350.01,91332.99,91333.7,15.69703
1764229620000,91333.69,91365.99,91327.46,91365.98,12.23719
1764229680000,91365.98,91397.15,91356.84,91384.41,13.4194
1764229740000,91384.4,91437.86,91384.4,91425.08,11.83016
1764229800000,91425.08,91439.82,91422.41,91439.81,11.71283
1764229860000,91439.81,91496.63,91439.81,91480.49,19.64158
1764229920000,91480.49,91483.4,91440.01,91450.0,13.21013
1764229980000,91449.99,91464.1,91441.68,91453.59,13.04069
1764230040000,91453.58,91466.22,91403.79,91406.46,23.22561
1764230100000,91406.46,91416.4,91386.75,91415.56,13.14783
1764230160000,91415.56,91415.57,91385.76,91393.45,17.71814
1764230220000,91393.44,91409.19,91385.76,91403.52,9.33231
1764230280000,91403.52,91420.0,91403.52,91407.57,9.85631
1764230340000,91407.57,91415.77,91404.8,91408.34,6.75988
1764230400000,91408.34,91449.98,91405.54,91427.34,8.38783
1764230460000,91427.33,91467.99,91427.33,91467.99,6.73989
1764230520000,91467.98,91511.83,91467.98,91481.5,13.26356
1764230580000,91481.5,91481.5,91385.77,91394.51,21.45684
1764230640000,91394.5,91397.44,91366.89,91377.76,18.37829
1764230700000,91377.76,91415.98,91377.76,91415.97,12.20067
1764230760000,91415.97,91435.41,91398.87,91435.41,8.36176
1764230820000,91435.41,91456.79,91370.0,91391.03,10.25766
1764230880000,91391.03,91391.03,91355.74,91355.75,5.3682
1764230940000,91355.74,91373.57,91346.64,91346.65,5.63423
1764231000000,91346.64,91346.65,91320.0,91320.0,4.24573
1764231060000,91320.0,91320.0,91256.0,91262.63,26.05566
1764231120000,91262.63,91307.76,91262.62,91273.51,10.86124
1764231180000,91273.51,91273.52,91230.78,91241.22,12.77045
1764231240000,91241.22,91248.83,91221.17,91248.82,16.21656
1764231300000,91248.83,91293.66,91248.82,91293.65,3.11858
1764231360000,91293.65,91300.0,91276.95,91276.95,3.40442
1764231420000,91276.96,91276.98,91255.39,91255.4,5.4452
1764231480000,91255.39,91267.16,91255.39,91255.41,5.11609
1764231540000,91255.4,91267.46,91255.4,91267.45,4.87538
1764231600000,91267.46,91315.23,91267.45,91315.23,4.09215
1764231660000,91315.23,91315.23,91256.65,91287.38,5.36533
1764231720000,91287.39,91315.24,91282.61,91308.78,3.83591
1764231780000,91308.78,91356.83,91289.05,91349.33,16.05407
1764231840000,91349.34,91384.69,91345.05,91352.25,15.98764
1764231900000,91352.26,91396.0,91352.25,91375.64,8.94878
1764231960000,91375.65,91375.65,91345.15,91362.62,6.86102
1764232020000,91362.62,91379.99,91352.39,91373.41,4.02868
1764232080000,91373.41,91373.42,91337.11,91348.42,9.8911
1764232140000,91348.43,91368.81,91348.42,91368.81,4.08263
1764232200000,91368.8,91368.81,91349.05,91349.62,4.51824
1764232260000,91349.61,91349.62,91349.61,91349.61,2.99756
1764232320000,91349.62,91349.62,91304.01,91333.48,11.27979
1764232380000,91333.48,91345.91,91323.5,91338.96,15.51546
1764232440000,91338.96,91339.99,91284.86,91339.98,5.81062
1764232500000,91339.98,91386.81,91339.98,91386.81,13.06204
1764232560000,91386.81,91420.0,91386.8,91391.34,14.47091
1764232620000,91391.33,91449.7,91391.33,91421.59,7.79589
1764232680000,91421.59,91449.68,91406.99,91432.65,4.14495
1764232740000,91432.65,91432.65,91401.62,91401.62,11.00285
1764232800000,91401.62,91407.79,91374.65,91407.79,3.25236
1764232860000,91407.78,91407.79,91387.78,91395.6,6.99639
1764232920000,91395.59,91395.6,91378.0,91378.01,11.65099
1764232980000,91378.0,91395.59,91373.23,91373.24,13.00924
1764233040000,91373.24,91388.0,91355.31,91387.99,15.91945
1764233100000,91388.0,91392.02,91375.19,91382.46,14.43916
1764233160000,91382.46,91422.86,91382.45,91422.85,18.07972
1764233220000,91422.86,91447.98,91419.21,91419.21,17.71757
1764233280000,91419.21,91423.14,91407.48,91423.14,13.12183
1764233340000,91423.13,91423.14,91371.55,91383.44,16.11676
1764233400000,91383.43,91420.87,91379.1,91415.82,21.61443
1764233460000,91415.82,91427.96,91405.02,91425.34,8.91673
1764233520000,91425.34,91499.58,91425.33,91492.34,8.39162
1764233580000,91492.35,91500.0,91484.19,91499.99,4.85358
1764233640000,91500.0,91515.17,91499.99,91504.55,11.44111
1764233700000,91504.55,91515.25,91504.54,91515.1,9.68213
1764233760000,91515.09,91520.0,91489.27,91512.77,42.03844
1764233820000,91512.78,91520.24,91512.77,91520.23,8.41698
1764233880000,91520.23,91520.24,91492.01,91492.01,5.50616
1764233940000,91492.01,91492.02,91492.01,91492.02,3.30649
1764234000000,91492.01,91492.02,91492.01,91492.02,6.01284
1764234060000,91492.01,91492.02,91492.01,91492.01,2.18161
1764234120000,91492.02,91492.02,91479.12,91487.97,29.66397
1764234180000,91487.98,91526.0,91487.97,91487.98,14.14364
1764234240000,91487.97,91525.8,91475.39,91499.89,9.91973
1764234300000,91499.89,91500.32,91499.89,91500.32,6.21707
1764234360000,91500.32,91520.04,91500.31,91506.31,11.50777
1764234420000,91506.31,91515.77,91502.04,91502.04,8.78928
1764234480000,91502.05,91519.98,91502.04,91519.97,5.49916
1764234540000,91519.97,91537.98,91500.0,91500.01,9.71384
1764234600000,91500.0,91527.45,91500.0,91527.44,5.09032
1764234660000,91527.44,91527.45,91511.81,91511.82,3.93245
1764234720000,91511.82,91518.31,91511.81,91518.31,4.00394
1764234780000,91518.31,91518.31,91511.0,91511.0,7.39188
1764234840000,91511.01,91511.01,91511.0,91511.01,1.81601
1764234900000,91511.0,91522.44,91511.0,91522.44,5.23232
1764234960000,91522.43,91686.0,91522.43,91650.9,25.94956
1764235020000,91650.91,91665.97,91608.03,91665.96,9.79297
1764235080000,91665.97,91684.17,91659.19,91684.17,18.36225
1764235140000,91684.16,91769.09,91684.16,91767.61,18.19038
1764235200000,91767.6,91767.61,91736.83,91742.23,26.98799
1764235260000,91742.22,91751.28,91682.69,91692.08,42.47285
1764235320000,91692.09,91709.62,91658.0,91674.51,25.78313
1764235380000,91674.51,91717.12,91641.1,91641.11,29.43195
1764235440000,91641.11,91653.61,91616.03,91635.26,31.32801
1764235500000,91635.26,91694.94,91634.61,91678.44,19.7336
1764235560000,91678.45,91712.9,91672.0,91674.94,24.2244
1764235620000,91674.95,91674.95,91602.4,91605.96,21.11543
1764235680000,91605.95,91627.86,91590.01,91590.01,21.20003
1764235740000,91590.01,91617.23,91579.11,91601.53,24.80522
1764235800000,91601.53,91677.65,91601.53,91675.43,20.11158
1764235860000,91675.43,91713.98,91659.02,91713.97,20.04436
1764235920000,91713.98,91794.71,91713.97,91774.5,26.42795
1764235980000,91774.49,91800.0,91713.97,91799.93,34.14669
1764236040000,91799.93,91861.41,91778.46,91784.29,33.58426
1764236100000,91784.29,91822.07,91767.24,91819.99,13.56094
1764236160000,91819.99,91837.61,91806.22,91837.6,5.49161
1764236220000,91837.59,91940.18,91832.48,91890.52,18.93306
1764236280000,91890.52,91890.52,91800.0,91812.01,10.79306
1764236340000,91812.0,91844.0,91804.96,91822.9,11.45719
1764236400000,91822.9,91840.21,91822.87,91840.2,3.90513
1764236460000,91840.21,91851.33,91826.64,91826.65,8.51415
1764236520000,91826.64,91874.69,91826.64,91849.04,7.28895
1764236580000,91849.04,91871.83,91803.6,91803.61,21.2933
1764236640000,91803.61,91824.16,91803.6,91803.6,8.95575
1764236700000,91803.6,91803.61,91713.98,91752.52,28.81021
1764236760000,91752.52,91788.0,91752.51,91777.09,5.1768
1764236820000,91777.09,91777.09,91712.62,91715.48,22.5709
1764236880000,91715.48,91724.22,91683.21,91724.2,12.74589
1764236940000,91724.2,91724.2,91660.0,91660.01,7.89387
1764237000000,91660.0,91660.01,91612.09,91612.09,12.80365
1764237060000,91612.1,91632.3,91551.83,91579.99,31.87246
1764237120000,91580.0,91601.12,91563.28,91573.34,6.04596
1764237180000,91573.35,91600.0,91560.61,91599.99,5.77028
1764237240000,91599.99,91599.99,91591.68,91591.69,4.99789
1764237300000,91591.7,91591.7,91583.21,91583.22,4.69872
1764237360000,91583.22,91583.22,91573.88,91577.08,4.38721
1764237420000,91577.07,91577.08,91545.59,91545.59,3.36989
1764237480000,91545.6,91559.84,91540.0,91559.83,4.85354
1764237540000,91559.83,91567.65,91559.83,91561.67,4.30947
1764237600000,91561.67,91561.67,91561.66,91561.67,3.65032
1764237660000,91561.67,91576.02,91561.66,91561.67,3.69517
1764237720000,91561.67,91561.68,91545.99,91545.99,3.78002
1764237780000,91545.99,91556.77,91545.99,91546.01,3.83405
1764237840000,91546.01,91609.7,91546.01,91592.5,13.48177
1764237900000,91592.51,91669.11,91580.59,91655.02,31.86151
1764237960000,91655.02,91675.67,91635.12,91675.67,6.19439
1764238020000,91675.67,91700.0,91674.8,91674.81,5.76115
1764238080000,91674.8,91685.88,91660.53,91660.65,5.6169
1764238140000,91660.65,91660.65,91626.23,91654.35,6.13713
1764238200000,91654.35,91682.62,91639.06,91682.62,2.53644
